Workbook
Name Slicer_City: #N/A
Name Slicer_Product_Purchased: #N/A
Name Slicer_Purchase_Year: #N/A

Sheet Original Data
A1: First Name,Last Name, order I'D, Purchase Date | E1: Product Purchased | F1: Amount Paid | G1: Payment Status | H1: City | I1: Delivery Status
C2: CA-2011-100293 | D2: 41963 | E2: Smartphone | F2: 498.68 | G2: Paid | H2: Mumbai | I2: In Transit
A3: rahul | B3: Gupta | C3: CA-2011-100706 | D3: 41888 | E3: Laptop | F3: 738.76 | G3: Pending | H3: Pune | I3: In Transit
A4: jivika | B4: Ravi | C4: CA-2011-100895 | D4: 44796 | E4: Camera | F4: 1228.47 | G4: Pending | H4: Pune | I4: Delivered
A5: Ranbir | C5: CA-2011-100916 | D5: 43011 | E5: Headphones | F5: 1744.08 | G5: Pending | H5: Surat | I5: In Transit
A6: Vanya | B6: Dutta | C6: CA-2011-101266 | D6: 44647 | E6: Headphones | F6: 164.13 | G6: Paid | H6: Mumbai | I6: Cancelled
A7: Devansh | B7: bhaskar | C7: CA-2011-101560 | D7: 42379 | E7: Camera | F7: 584.97 | G7: Failed | H7: Kolkata
A8: ryan | B8: Krishnamurthy | C8: CA-2011-101770 | D8: 45585 | E8: Laptop | H8: Mumbai | I8: Cancelled
A9: Ivana | B9: Sethi | C9: CA-2011-102274 | D9: 43016 | E9: Keyboard | F9: 587.97 | G9: Pending | H9: Jaipur
A10: nehmat | B10: pal | C10: CA-2011-102673 | D10: 42482 | E10: Smartwatch | F10: 267.58 | G10: Pending | H10: Hyderabad | I10: In Transit
A11: nehmat | B11: pal | C11: CA-2011-102673 | D11: 42482 | E11: Smartwatch | F11: 267.58 | G11: Pending | H11: Hyderabad | I11: In Transit
A12: Aaryahi | B12: VEG | C12: CA-2011-102988 | D12: 42857 | E12: Keyboard | F12: 1323.02 | G12: Failed | H12: Mumbai | I12: Cancelled
B13: Dhar | C13: CA-2011-103317 | D13: 42858 | E13: Smartphone | F13: 1400.9 | G13: Pending | H13: Ahmedabad | I13: In Transit
C14: CA-2011-103366 | D14: 42852 | E14: Monitor | F14: 1587.5 | G14: Paid | H14: Kolkata | I14: In Transit
A15: anahita | B15: Dyal | C15: CA-2011-103807 | D15: 42853 | F15: 1471.32 | G15: Pending | H15: Chennai | I15: Cancelled
A16: Yashvi | C16: CA-2011-103989 | D16: 44735 | E16: Tablet | G16: Pending | H16: Surat | I16: Delivered
A17: Divij | B17: Kapadia | C17: CA-2011-104283 | D17: 44570 | E17: Smartphone | G17: Pending | H17: Chennai | I17: In Transit
A18: Ritvik | B18: Hayer | C18: CA-2011-106054 | D18: 43887 | E18: Camera | F18: 1637.88 | G18: Failed | H18: Bangalore | I18: Cancelled
A19: Dhanush | B19: Bala | C19: CA-2011-106810 | D19: 43888 | E19: Keyboard | F19: 371.93 | G19: Paid | H19: Hyderabad
A20: Himmat | B20: singh | C20: CA-2011-107573 | D20: 43644 | E20: Laptop | F20: 1592.57 | G20: Pending | H20: Delhi | I20: Delivered
A21: Hazel | B21: Choudhary | C21: CA-2011-107811 | D21: 43645 | E21: Tablet | F21: 76.81 | G21: Pending | H21: Kolkata
A22: Himmat | C22: CA-2011-108707 | D22: 42822 | E22: Printer | F22: 1659.26 | G22: Pending | H22: Kolkata | I22: In Transit
A23: Zara | B23: Desai | C23: CA-2011-109043 | D23: 42823 | E23: Tablet | F23: 1043.02 | G23: Pending | H23: Ahmedabad
A24: Samarth | B24: Chand | C24: CA-2011-109232 | D24: 45226 | E24: Tablet | F24: 1549.79 | G24: Pending | H24: Hyderabad | I24: Delivered
A25: Jayan | B25: Srivastava | C25: CA-2011-110100 | D25: 43074 | E25: Printer | G25: Pending | H25: Jaipur | I25: Delivered
A26: Ivan | B26: BOHRA | C26: CA-2011-110408 | D26: 43075 | E26: Printer | G26: Pending | H26: Jaipur | I26: Cancelled
A27: Rohan | B27: Khanna | C27: CA-2011-110422 | D27: 42760 | F27: 893.33 | H27: Kolkata | I27: In Transit
A28: Damini | B28: divan | C28: CA-2011-111500 | D28: 42197 | E28: Laptop | F28: 1556.99 | G28: Pending | H28: Jaipur | I28: Cancelled
A29: Damini | B29: divan | C29: CA-2011-111500 | D29: 42197 | E29: Laptop | F29: 1556.99 | G29: Pending | H29: Jaipur | I29: Cancelled
A30: Amira | C30: CA-2011-111934 | D30: 44685 | E30: Smartphone | F30: 1137.66 | G30: Failed | H30: Delhi | I30: Cancelled
A31: Neelofar | B31: Aurora | C31: CA-2011-112718 | D31: 44611 | E31: Camera | F31: 1055.32 | G31: Failed | H31: Ahmedabad | I31: Cancelled
A32: TARA | B32: Kanda | C32: CA-2011-113047 | D32: 42358 | E32: Monitor | F32: 242.79 | H32: Hyderabad | I32: Cancelled
A33: Navya | B33: Dhar | C33: CA-2011-113166 | F33: 1266.32 | G33: Pending | H33: Ahmedabad | I33: Cancelled
A34: tushar | B34: Kuruvilla | C34: CA-2011-114314 | E34: Mouse | G34: Failed | H34: Surat | I34: In Transit
A35: rania | B35: Sawhney | C35: CA-2011-114321 | D35: 44020 | E35: Keyboard | F35: 806.94 | G35: Paid | H35: Pune | I35: Delivered
B36: Rao | C36: CA-2011-114335 | D36: 44661 | E36: Monitor | F36: 780.26 | G36: Paid | H36: Surat
A37: Adah | B37: BOASE | C37: CA-2011-114790 | D37: 42993 | E37: Mouse | F37: 174.11 | G37: Pending | I37: In Transit
B38: Loyal | C38: CA-2011-115084 | D38: 44806 | E38: Mouse | F38: 474.27 | G38: Paid | H38: Ahmedabad | I38: In Transit
A39: Samarth | B39: Kalita | C39: CA-2011-115357 | D39: 44861 | E39: Tablet | F39: 410.29 | G39: Pending | H39: Chennai | I39: Delivered
A40: Riya | B40: Sengupta | C40: CA-2011-116190 | D40: 44469 | E40: Laptop | F40: 677.52 | G40: Pending | I40: Delivered
A41: Sana | B41: Garde | C41: CA-2011-116239 | D41: 44815 | E41: Smartphone | G41: Failed | I41: Cancelled
A42: Lakshit | B42: Chaudry | C42: CA-2011-116407 | D42: 44816 | F42: 100.32 | G42: Pending | H42: Mumbai | I42: Delivered
A43: Alisha | B43: Sachdev | C43: CA-2011-116568 | D43: 44357 | E43: Monitor | F43: 1490.89 | G43: Failed | H43: Kolkata
A44: Samaira | B44: Ben | C44: CA-2011-117016 | D44: 44450 | E44: Camera | F44: 819.72 | G44: Failed | H44: Pune | I44: In Transit
A45: Samaira | B45: Ben | C45: CA-2011-117016 | D45: 44450 | E45: Camera | F45: 819.72 | G45: Failed | H45: Pune | I45: In Transit
A46: Raunak | B46: SINGH | C46: CA-2011-117345 | D46: 45328 | E46: Camera | F46: 1686.07 | G46: Paid | H46: Mumbai | I46: In Transit
A47: Jayan | C47: CA-2011-117639 | D47: 43384 | E47: Laptop | F47: 64.53 | G47: Pending | H47: Kolkata | I47: Delivered
A48: Divij | B48: Kumar | C48: CA-2011-120432 | D48: 45268 | E48: Headphones | G48: Paid | H48: Surat | I48: Delivered
A49: Jayesh | B49: Garde | C49: CA-2011-120670 | D49: 45489 | E49: Monitor | G49: Pending | H49: Kolkata | I49: Delivered
A50: Zeeshan | B50: Badal | C50: CA-2011-120768 | D50: 42831 | E50: Keyboard | F50: 481.79 | G50: Failed | H50: Hyderabad | I50: Cancelled
A51: Mishti | C51: CA-2011-120950 | D51: 42212 | E51: Printer | F51: 231.5 | G51: Pending | H51: Kolkata | I51: Cancelled
A52: Ryan | B52: Anand | C52: CA-2011-121286 | D52: 43105 | E52: Camera | F52: 1149.96 | H52: Ahmedabad | I52: In Transit
C53: CA-2011-122217 | E53: Laptop | F53: 982.01 | G53: Paid | H53: Pune | I53: Cancelled
B54: Arora | C54: CA-2011-123400 | D54: 45067 | F54: 1266.93 | G54: Failed | H54: Hyderabad
A55: Arnav | B55: Garde | C55: CA-2011-123925 | D55: 44749 | E55: Smartwatch | F55: 1543.14 | G55: Paid | H55: Surat
A56: Uthkarsh | C56: CA-2011-124023 | D56: 44750 | E56: Smartphone | F56: 1282.75 | G56: Failed | I56: Cancelled
A57: Navya | C57: CA-2011-124618 | D57: 43368 | E57: Mouse | F57: 1290.22 | G57: Pending | H57: Jaipur | I57: Delivered
A58: Vaibhav | B58: Samra | C58: CA-2011-124688 | D58: 42631 | E58: Camera | F58: 230.71 | G58: Failed | H58: Pune | I58: In Transit
A59: Vaibhav | B59: Samra | C59: CA-2011-124688 | D59: 42631 | E59: Camera | F59: 230.71 | G59: Failed | H59: Pune | I59: In Transit
A60: Tarini | B60: Ramaswamy | C60: CA-2011-125136 | D60: 42272 | E60: Camera | G60: Pending | H60: Pune | I60: In Transit
A61: Misha | B61: Chad | C61: CA-2011-125682 | D61: 43658 | E61: Printer | F61: 1849.08 | G61: Failed | H61: Chennai | I61: Delivered
A62: Tejas | B62: Viswanathan | C62: CA-2011-127299 | E62: Smartwatch | F62: 1593.15 | G62: Failed | H62: Chennai | I62: In Transit
A63: Vedika | B63: Srinivasan | C63: CA-2011-127488 | D63: 44588 | E63: Laptop | F63: 1341.86 | G63: Pending | H63: Kolkata | I63: In Transit
A64: Nitara | B64: Rana | C64: CA-2011-127614 | D64: 44722 | E64: Camera | F64: 717.58 | G64: Failed | H64: Pune | I64: Cancelled
A65: Kavya | B65: KRISH | C65: CA-2011-128839 | D65: 42487 | E65: Headphones | F65: 1233.43 | G65: Pending | H65: Kolkata | I65: In Transit
A66: Himmat | B66: Dhar | C66: CA-2011-128846 | D66: 42488 | E66: Keyboard | F66: 1950.8 | G66: Pending | H66: Chennai | I66: In Transit
A67: sara | B67: Gala | C67: CA-2011-129091 | D67: 44487 | E67: Monitor | F67: 1769.73 | G67: Failed | H67: Surat | I67: In Transit
A68: Prerak | C68: CA-2011-129819 | D68: 44488 | E68: Laptop | F68: 808.87 | G68: Failed | H68: Kolkata | I68: In Transit
A69: Darshit | B69: Sunder | C69: CA-2011-130155 | D69: 42177 | E69: Mouse | F69: 182.23 | I69: In Transit
A70: Biju | C70: CA-2011-130428 | D70: 41921 | E70: Mouse | F70: 1340.92 | G70: Pending | H70: Kolkata | I70: Delivered
B71: Rama | C71: CA-2011-130918 | D71: 45283 | G71: Paid | H71: Kolkata | I71: In Transit
A72: Saanvi | C72: CA-2011-131527 | D72: 45284 | F72: 696.1 | G72: Paid | H72: Jaipur | I72: Delivered
A73: Tarini | B73: Brar | C73: CA-2011-131541 | D73: 44265 | E73: Mouse | F73: 1278.09 | G73: Failed | H73: Chennai
A74: Anvi | B74: Chopra | C74: CA-2011-131905 | E74: Smartwatch | F74: 1082.34 | H74: Bangalore
A75: Veer | B75: Amble | C75: CA-2011-132010 | G75: Paid | H75: Hyderabad
A76: Divij | B76: Ghose | C76: CA-2011-132612 | D76: 45236 | F76: 190.27 | G76: Paid | H76: Hyderabad | I76: In Transit
A77: Nitya | B77: Shan | C77: CA-2011-133634 | D77: 43095 | E77: Smartphone | F77: 1932.32 | G77: Failed | H77: Ahmedabad | I77: In Transit
A78: Romil | B78: Srinivasan | C78: CA-2011-134551 | D78: 43032 | E78: Tablet | F78: 663.46 | G78: Failed | H78: Hyderabad | I78: Delivered
A79: Advik | B79: Sarkar | C79: CA-2011-134621 | D79: 43881 | E79: Camera | F79: 826.44 | G79: Failed | H79: Hyderabad | I79: Delivered
A80: Riaan | B80: Amble | C80: CA-2011-136336 | D80: 43674 | E80: Headphones | F80: 387.65 | G80: Paid | H80: Surat | I80: Delivered
A81: Fateh | B81: Shetty | C81: CA-2011-136567 | E81: Printer | F81: 608 | G81: Paid | H81: Delhi | I81: Cancelled
A82: Lakshit | B82: Handa | C82: CA-2011-136861 | D82: 44009 | E82: Smartphone | F82: 238.15 | G82: Paid | I82: In Transit
A83: Tushar | B83: Setty | C83: CA-2011-137911 | D83: 44921 | E83: Headphones | F83: 868.59 | G83: Paid | H83: Ahmedabad | I83: In Transit
A84: Seher | B84: Viswanathan | C84: CA-2011-138296 | D84: 43671 | E84: Smartwatch | F84: 1228.13 | G84: Failed | H84: Jaipur | I84: Delivered
A85: Aaryahi | B85: Manne | C85: CA-2011-138527 | D85: 43405 | E85: Monitor | F85: 1656.62 | G85: Failed | H85: Surat
A86: Misha | B86: Talwar | C86: CA-2011-138709 | D86: 43406 | E86: Keyboard | F86: 1712.68 | G86: Pending | I86: Cancelled
A87: Zoya | B87: Krish | C87: CA-2011-140165 | D87: 43758 | E87: Tablet | F87: 964.84 | G87: Failed | H87: Hyderabad | I87: In Transit
A88: Eshani | B88: Choudhary | C88: CA-2011-140886 | D88: 44045 | F88: 442.45 | G88: Pending | H88: Mumbai | I88: In Transit
A89: Manjari | B89: Balakrishnan | C89: CA-2011-142727 | D89: 44584 | E89: Smartphone | F89: 844.07 | G89: Paid | H89: Mumbai | I89: Cancelled
A90: Manjari | B90: Balakrishnan | C90: CA-2011-142727 | D90: 44584 | E90: Smartphone | F90: 844.07 | G90: Paid | H90: Mumbai | I90: Cancelled
A91: Tara | C91: CA-2011-142951 | D91: 44355 | E91: Camera | F91: 1802.18 | G91: Paid | I91: In Transit
B92: Vora | C92: CA-2011-143182 | D92: 45263 | G92: Paid | H92: Pune | I92: Delivered
A93: Mehul | B93: Bedi | C93: CA-2011-143840 | D93: 45019 | E93: Smartphone | F93: 709.33 | G93: Failed | H93: Surat | I93: Cancelled
A94: Arnav | B94: Golla | C94: CA-2011-145317 | D94: 42009 | E94: Mouse | G94: Paid | H94: Ahmedabad | I94: In Transit
A95: Heer | C95: CA-2011-145576 | D95: 43528 | F95: 1371.75 | G95: Pending | H95: Kolkata | I95: Delivered
A96: Anaya | B96: Arya | C96: CA-2011-146731 | D96: 42760 | E96: Headphones | F96: 826.81 | I96: In Transit
A97: Amani | B97: Shukla | C97: CA-2011-146885 | D97: 43161 | E97: Mouse | F97: 172.66 | H97: Jaipur | I97: Cancelled
A98: Shayak | B98: Gour | C98: CA-2011-148285 | D98: 42145 | E98: Smartwatch | F98: 1784.48 | G98: Pending
A99: Elakshi | B99: Khatri | C99: CA-2011-148425 | D99: 42944 | F99: 1989.33 | G99: Failed | H99: Jaipur | I99: In Transit
A100: Kiara | B100: Kumer | C100: CA-2011-149020 | D100: 44153 | E100: Printer | F100: 1126.25 | G100: Pending | I100: In Transit
...

Sheet Sales
A3: Row Labels | B3: Sum of Amount Paid
A4: 2014 | B4: 4661.52
A5: 8 | B5: 1320.34
A6: 9 | B6: 2232.84
A7: 10 | B7: 510.37
A8: 11 | B8: 597.97
A9: Grand Total | B9: 4661.52
G23: Total Revenue | H23: =GETPIVOTDATA("Amount Paid",$A$3) -> 4661.52

Sheet Orders
A3: Row Labels | B3: Count of order I'D
A4: 2014 | B4: 7
A5: 8 | B5: 1
A6: 9 | B6: 3
A7: 10 | B7: 1
A8: 11 | B8: 2
A9: Grand Total | B9: 7
M21: Total Revenue | N21: =Sales!$H$23 -> 4661.52
M22: Total Orders | N22: =GETPIVOTDATA("order I'D",$A$3) -> 7
D23: =Sales!$H$23 -> 4661.52 | M23: AOV | N23: =D23/GETPIVOTDATA("order I'D",$A$3) -> 665.93143
M24: Payment Success | N24: ='Payment Status'!$O$25 -> 0.41152028
M25: Delivery Success | N25: ='Delivary Status'!$Q$15 -> 0.42857143
M26: Pending Payment | N26: ='Payment Status'!$O$13 -> 0.58847972

Sheet Payment Status
A3: Row Labels | B3: Sum of Amount Paid | C3: Count of order I'D
A4: Paid | B4: 1918.31 | C4: 3
A5: Pending | B5: 2743.21 | C5: 4
A6: Grand Total | B6: 4661.52 | C6: 7
N13: Panding Payment | O13: =GETPIVOTDATA("Sum of Amount Paid",$A$3,"Payment Status","Pending")/GETPIVOTDATA("Sum of Amount Paid",$A$3) -> 0.58847972
N25: Payment Success Rate | O25: =GETPIVOTDATA("Sum of Amount Paid",$A$3,"Payment Status","Paid")/GETPIVOTDATA("Sum of Amount Paid",$A$3) -> 0.41152028
N26: Failure Rate | O26: =GETPIVOTDATA("Sum of Amount Paid",$A$3,"Payment Status","Failed")/GETPIVOTDATA("Sum of Amount Paid",$A$3) -> #REF!

Sheet Delivary Status
A3: Row Labels | B3: Count of order I'D
A4: Cancelled | B4: 2
A5: Delivered | B5: 3
A6: InTransit | B6: 2
A7: Grand Total | B7: 7
P15: Delivery Success Rate | Q15: =GETPIVOTDATA("order I'D",$A$3,"Delivery Status","Delivered")/GETPIVOTDATA("order I'D",$A$3) -> 0.42857143

Sheet Product Analysis
A3: Row Labels | B3: Count of order I'D | C3: Sum of Amount Paid
A4: Laptop | B4: 1 | C4: 738.76
A5: Monitor | B5: 1 | C5: 668.37
A6: Mouse | B6: 1 | C6: 1320.34
A7: Smartwatch | B7: 1 | C7: 76.31
A8: Tablet | B8: 3 | C8: 1857.74
A9: Grand Total | B9: 7 | C9: 4661.52

Sheet City Analsys
A3: Row Labels | B3: Count of order I'D | C3: Sum of Amount Paid
A4: Ahmedabad | B4: 1 | C4: 76.31
A5: Bangalore | B5: 1 | C5: 825.71
A6: Chennai | B6: 1 | C6: 510.37
A7: Hyderabad | B7: 1 | C7: 521.66
A8: Mumbai | B8: 2 | C8: 1988.71
A9: Pune | B9: 1 | C9: 738.76
A10: Grand Total | B10: 7 | C10: 4661.52

Sheet Clean Data
A1: Full Name | B1: order I'D | C1: Purchase Year | D1: Purchase Month | E1: Purchase Date | F1: Product Purchased | G1: Amount Paid | H1: Payment Status | I1: City | J1: Delivery Status
A2: Kiara Kuruvilla | B2: CA-2013-124254 | C2: =YEAR(E2) -> 2014 | D2: =MONTH(Table2[[#This Row],[Purchase Date]]) -> 8 | E2: 41868 | F2: Mouse | G2: 1320.34 | H2: Paid | I2: Mumbai | J2: Delivered
A3: Rahul Gupta | B3: CA-2011-100706 | C3: =YEAR(E3) -> 2014 | D3: =MONTH(Table2[[#This Row],[Purchase Date]]) -> 9 | E3: 41888 | F3: Laptop | G3: 738.76 | H3: Pending | I3: Pune | J3: InTransit
A4: Armaan Mander | B4: CA-2014-117198 | C4: =YEAR(E4) -> 2014 | D4: =MONTH(Table2[[#This Row],[Purchase Date]]) -> 9 | E4: 41888 | F4: Tablet | G4: 825.71 | H4: Pending | I4: Bangalore | J4: Delivered
A5: Kabir Sampath | B5: CA-2012-151624 | C5: =YEAR(E5) -> 2014 | D5: =MONTH(Table2[[#This Row],[Purchase Date]]) -> 9 | E5: 41889 | F5: Monitor | G5: 668.37 | H5: Pending | I5: Mumbai | J5: Cancelled
A6: Aradhya Bhardwaj | B6: CA-2013-102092 | C6: =YEAR(E6) -> 2014 | D6: =MONTH(Table2[[#This Row],[Purchase Date]]) -> 10 | E6: 41917 | F6: Tablet | G6: 510.37 | H6: Pending | I6: Chennai | J6: InTransit
A7: Arhaan Magar | B7: CA-2014-117079 | C7: =YEAR(E7) -> 2014 | D7: =MONTH(Table2[[#This Row],[Purchase Date]]) -> 11 | E7: 41963 | F7: Smartwatch | G7: 76.31 | H7: Paid | I7: Ahmedabad | J7: Cancelled
A8: Yakshit Grewal | B8: CA-2013-159765 | C8: =YEAR(E8) -> 2014 | D8: =MONTH(Table2[[#This Row],[Purchase Date]]) -> 11 | E8: 41969 | F8: Tablet | G8: 521.66 | H8: Paid | I8: Hyderabad | J8: Delivered
A9: Jayesh Vaidya | B9: CA-2014-110310 | C9: =YEAR(E9) -> 2015 | D9: =MONTH(Table2[[#This Row],[Purchase Date]]) -> 1 | E9: 42022 | F9: Tablet | G9: 420.84 | H9: Paid | I9: Bangalore | J9: Delivered
A10: Aayush Khatri | B10: CA-2013-166485 | C10: =YEAR(E10) -> 2015 | D10: =MONTH(Table2[[#This Row],[Purchase Date]]) -> 2 | E10: 42037 | F10: Tablet | G10: 1103.28 | H10: Paid | I10: Chennai | J10: InTransit
A11: Rohan Rana | B11: CA-2012-108119 | C11: =YEAR(E11) -> 2015 | D11: =MONTH(Table2[[#This Row],[Purchase Date]]) -> 2 | E11: 42050 | F11: Laptop | G11: 601.53 | H11: Failed | I11: Surat | J11: Cancelled
A12: Rohan Sane | B12: CA-2012-161445 | C12: =YEAR(E12) -> 2015 | D12: =MONTH(Table2[[#This Row],[Purchase Date]]) -> 3 | E12: 42071 | F12: Smartwatch | G12: 130.07 | H12: Failed | I12: Pune | J12: Delivered
A13: Anvi Deol | B13: CA-2013-143805 | C13: =YEAR(E13) -> 2015 | D13: =MONTH(Table2[[#This Row],[Purchase Date]]) -> 6 | E13: 42170 | F13: Keyboard | G13: 1726.07 | H13: Paid | I13: Kolkata | J13: Delivered
... A245: Neelofar Mani | B245: CA-2011-160773 | C245: =YEAR(E245) -> 2024 | D245: =MONTH(Table2[[#This Row],[Purchase Date]]) -> 6 | E245: 45470 | F245: Monitor | G245: 1559.04 | H245: Pending | I245: Delhi | J245: Cancelled

Sheet DashBoard
